date, time, image_link, location
09-04-2025,23:32:29,https://security-detection-images.s3.amazonaws.com/images/09_04_2025_23_32_29.jpg,"Westminister, UK"
09-04-2025,23:32:33,https://security-detection-images.s3.amazonaws.com/images/09_04_2025_23_32_33.jpg,"Westminister, UK"
09-04-2025,23:34:16,https://security-detection-images.s3.amazonaws.com/images/09_04_2025_23_34_16.jpg,"Westminister, UK"
09-04-2025,23:34:21,https://security-detection-images.s3.amazonaws.com/images/09_04_2025_23_34_21.jpg,"Westminister, UK"
09-04-2025,23:34:25,https://security-detection-images.s3.amazonaws.com/images/09_04_2025_23_34_25.jpg,"Westminister, UK"
09-04-2025,23:34:29,https://security-detection-images.s3.amazonaws.com/images/09_04_2025_23_34_29.jpg,"Westminister, UK"
09-04-2025,23:34:32,https://security-detection-images.s3.amazonaws.com/images/09_04_2025_23_34_32.jpg,"Westminister, UK"
09-04-2025,23:34:36,https://security-detection-images.s3.amazonaws.com/images/09_04_2025_23_34_36.jpg,"Westminister, UK"
09-04-2025,23:34:40,https://security-detection-images.s3.amazonaws.com/images/09_04_2025_23_34_40.jpg,"Westminister, UK"
09-04-2025,23:35:32,https://security-detection-images.s3.amazonaws.com/images/09_04_2025_23_35_32.jpg,"Houston, USA"
09-04-2025,23:35:37,https://security-detection-images.s3.amazonaws.com/images/09_04_2025_23_35_37.jpg,"Houston, USA"
09-04-2025,23:58:05,https://security-detection-images.s3.amazonaws.com/images/09_04_2025_23_58_05.jpg,"Westminister, UK"
09-04-2025,23:58:14,https://security-detection-images.s3.amazonaws.com/images/09_04_2025_23_58_14.jpg,"Westminister, UK"
09-04-2025,23:58:21,https://security-detection-images.s3.amazonaws.com/images/09_04_2025_23_58_21.jpg,"Westminister, UK"
09-04-2025,23:58:28,https://security-detection-images.s3.amazonaws.com/images/09_04_2025_23_58_28.jpg,"Westminister, UK"
09-04-2025,23:58:34,https://security-detection-images.s3.amazonaws.com/images/09_04_2025_23_58_34.jpg,"Westminister, UK"
09-04-2025,23:58:40,https://security-detection-images.s3.amazonaws.com/images/09_04_2025_23_58_40.jpg,"Westminister, UK"
09-04-2025,23:58:47,https://security-detection-images.s3.amazonaws.com/images/09_04_2025_23_58_47.jpg,"Westminister, UK"
09-04-2025,23:58:54,https://security-detection-images.s3.amazonaws.com/images/09_04_2025_23_58_54.jpg,"Westminister, UK"
09-04-2025,23:59:00,https://security-detection-images.s3.amazonaws.com/images/09_04_2025_23_59_00.jpg,"Westminister, UK"
09-04-2025,23:59:07,https://security-detection-images.s3.amazonaws.com/images/09_04_2025_23_59_07.jpg,"Westminister, UK"
09-04-2025,23:59:13,https://security-detection-images.s3.amazonaws.com/images/09_04_2025_23_59_13.jpg,"Westminister, UK"
09-04-2025,23:59:20,https://security-detection-images.s3.amazonaws.com/images/09_04_2025_23_59_20.jpg,"Westminister, UK"
09-04-2025,23:59:27,https://security-detection-images.s3.amazonaws.com/images/09_04_2025_23_59_27.jpg,"Westminister, UK"
09-04-2025,23:59:33,https://security-detection-images.s3.amazonaws.com/images/09_04_2025_23_59_33.jpg,"Westminister, UK"
09-04-2025,23:59:38,https://security-detection-images.s3.amazonaws.com/images/09_04_2025_23_59_38.jpg,"Westminister, UK"
09-04-2025,23:59:45,https://security-detection-images.s3.amazonaws.com/images/09_04_2025_23_59_45.jpg,"Westminister, UK"
09-04-2025,23:59:51,https://security-detection-images.s3.amazonaws.com/images/09_04_2025_23_59_51.jpg,"Westminister, UK"
09-04-2025,23:59:57,https://security-detection-images.s3.amazonaws.com/images/09_04_2025_23_59_57.jpg,"Westminister, UK"
10-04-2025,00:00:02,https://security-detection-images.s3.amazonaws.com/images/10_04_2025_00_00_02.jpg,"Westminister, UK"
10-04-2025,00:00:09,https://security-detection-images.s3.amazonaws.com/images/10_04_2025_00_00_09.jpg,"Westminister, UK"
10-04-2025,00:00:16,https://security-detection-images.s3.amazonaws.com/images/10_04_2025_00_00_16.jpg,"Westminister, UK"
10-04-2025,00:00:21,https://security-detection-images.s3.amazonaws.com/images/10_04_2025_00_00_21.jpg,"Westminister, UK"
10-04-2025,00:00:27,https://security-detection-images.s3.amazonaws.com/images/10_04_2025_00_00_27.jpg,"Westminister, UK"
10-04-2025,00:00:33,https://security-detection-images.s3.amazonaws.com/images/10_04_2025_00_00_33.jpg,"Westminister, UK"
10-04-2025,00:00:40,https://security-detection-images.s3.amazonaws.com/images/10_04_2025_00_00_40.jpg,"Westminister, UK"
10-04-2025,00:03:42,https://security-detection-images.s3.amazonaws.com/images/10_04_2025_00_03_42.jpg,"Houston, USA"
10-04-2025,00:03:47,https://security-detection-images.s3.amazonaws.com/images/10_04_2025_00_03_47.jpg,"Houston, USA"
10-04-2025,00:05:21,https://security-detection-images.s3.amazonaws.com/images/10_04_2025_00_05_21.jpg,"Houston, USA"
10-04-2025,00:05:27,https://security-detection-images.s3.amazonaws.com/images/10_04_2025_00_05_27.jpg,"Houston, USA"
10-04-2025,00:05:31,https://security-detection-images.s3.amazonaws.com/images/10_04_2025_00_05_31.jpg,"Houston, USA"
10-04-2025,00:05:35,https://security-detection-images.s3.amazonaws.com/images/10_04_2025_00_05_35.jpg,"Houston, USA"
10-04-2025,00:05:40,https://security-detection-images.s3.amazonaws.com/images/10_04_2025_00_05_40.jpg,"Houston, USA"
10-04-2025,00:05:43,https://security-detection-images.s3.amazonaws.com/images/10_04_2025_00_05_43.jpg,"Houston, USA"
10-04-2025,00:05:48,https://security-detection-images.s3.amazonaws.com/images/10_04_2025_00_05_48.jpg,"Houston, USA"
